-- ============================================================================
-- Seed Data SQL Script for O2C Agentic Platform (Supabase)
-- Generated dynamically to match Persona Journeys R1 v1.1 and Real SAP Customers
-- ============================================================================

TRUNCATE TABLE immutable_audit_log CASCADE;
TRUNCATE TABLE credit_decisions CASCADE;
TRUNCATE TABLE billing_requests CASCADE;
TRUNCATE TABLE recovery_packages CASCADE;
TRUNCATE TABLE deductions_backlog CASCADE;
TRUNCATE TABLE remittance_lines CASCADE;
TRUNCATE TABLE remittance_headers CASCADE;
TRUNCATE TABLE bureau_alerts CASCADE;
TRUNCATE TABLE damage_photos CASCADE;
TRUNCATE TABLE carrier_reports CASCADE;
TRUNCATE TABLE contracts CASCADE;
TRUNCATE TABLE promotions CASCADE;
TRUNCATE TABLE pod_records CASCADE;
TRUNCATE TABLE payments CASCADE;
TRUNCATE TABLE customers CASCADE;

INSERT INTO customers (customer_id, customer_name, segment, strategic_value, credit_limit, revenue_forecast_12mo) VALUES ('USCU_L10', 'Crestline Grocery', 'Strategic Retail', 'High', 10000000.0, 48000000.0) ON CONFLICT (customer_id) DO UPDATE SET customer_name = EXCLUDED.customer_name, segment = EXCLUDED.segment, strategic_value = EXCLUDED.strategic_value, credit_limit = EXCLUDED.credit_limit, revenue_forecast_12mo = EXCLUDED.revenue_forecast_12mo;
INSERT INTO customers (customer_id, customer_name, segment, strategic_value, credit_limit, revenue_forecast_12mo) VALUES ('USCU_S04', 'Harbor Foods', 'Foodservice Distributor', 'Medium', 500000.0, 9000000.0) ON CONFLICT (customer_id) DO UPDATE SET customer_name = EXCLUDED.customer_name, segment = EXCLUDED.segment, strategic_value = EXCLUDED.strategic_value, credit_limit = EXCLUDED.credit_limit, revenue_forecast_12mo = EXCLUDED.revenue_forecast_12mo;
INSERT INTO customers (customer_id, customer_name, segment, strategic_value, credit_limit, revenue_forecast_12mo) VALUES ('USCU_S07', 'ValuMart Club', 'Club', 'High', 1500000.0, 22000000.0) ON CONFLICT (customer_id) DO UPDATE SET customer_name = EXCLUDED.customer_name, segment = EXCLUDED.segment, strategic_value = EXCLUDED.strategic_value, credit_limit = EXCLUDED.credit_limit, revenue_forecast_12mo = EXCLUDED.revenue_forecast_12mo;
INSERT INTO customers (customer_id, customer_name, segment, strategic_value, credit_limit, revenue_forecast_12mo) VALUES ('USCU_S03', 'Greenleaf Naturals', 'Regional Wholesaler', 'Low', 50000.0, 3500000.0) ON CONFLICT (customer_id) DO UPDATE SET customer_name = EXCLUDED.customer_name, segment = EXCLUDED.segment, strategic_value = EXCLUDED.strategic_value, credit_limit = EXCLUDED.credit_limit, revenue_forecast_12mo = EXCLUDED.revenue_forecast_12mo;

INSERT INTO payments (customer_id, invoice_ref, invoice_amount, invoice_date, payment_date, days_to_pay) VALUES ('USCU_S04', '90000036', 10000.0, '2026-01-10', '2026-02-11', 32);
INSERT INTO payments (customer_id, invoice_ref, invoice_amount, invoice_date, payment_date, days_to_pay) VALUES ('USCU_S04', '90000060', 15000.0, '2026-02-05', '2026-03-09', 32);
INSERT INTO payments (customer_id, invoice_ref, invoice_amount, invoice_date, payment_date, days_to_pay) VALUES ('USCU_S04', 'INV-HARB-003', 12000.0, '2026-03-02', '2026-04-03', 32);
INSERT INTO payments (customer_id, invoice_ref, invoice_amount, invoice_date, payment_date, days_to_pay) VALUES ('USCU_S04', 'INV-HARB-004', 25000.0, '2026-04-12', '2026-05-20', 38);
INSERT INTO payments (customer_id, invoice_ref, invoice_amount, invoice_date, payment_date, days_to_pay) VALUES ('USCU_S04', 'INV-HARB-005', 22000.0, '2026-05-02', '2026-06-15', 44);
INSERT INTO payments (customer_id, invoice_ref, invoice_amount, invoice_date, payment_date, days_to_pay) VALUES ('USCU_S04', '90000085', 30000.0, '2026-05-20', '2026-07-10', 51);

INSERT INTO promotions (promo_id, customer_id, sku, promo_rate, accrual_cap, start_date, end_date, promo_description) VALUES ('PM_CREST_01', 'USCU_L10', 'SKU_BEV_01', 5.00, 20000.00, '2026-06-01', '2026-06-30', 'June Beverage Allowance - $5/case discount');
INSERT INTO promotions (promo_id, customer_id, sku, promo_rate, accrual_cap, start_date, end_date, promo_description) VALUES ('PM_HARB_02', 'USCU_S04', 'SKU_FOOD_02', 2.00, 10000.00, '2026-06-01', '2026-06-30', 'June Accrued Food Promo - Cap $10,000');
INSERT INTO contracts (contract_id, customer_id, pricing_model, otif_threshold, fine_percentage, pricing_terms) VALUES ('CON_CREST_01', 'USCU_L10', 'Standard Retailing', 98.00, 0.00, '{"SKU_BEV_01": 15.00}');
INSERT INTO contracts (contract_id, customer_id, pricing_model, otif_threshold, fine_percentage, pricing_terms) VALUES ('CON_VALU_01', 'USCU_S07', 'Club Channel SLA', 98.00, 2.00, '{"SKU_CLUB_01": 22.00}');

INSERT INTO bureau_alerts (customer_id, alert_type, severity, details, alert_date, resolved) VALUES ('USCU_S04', 'TAX_LIEN', 'CRITICAL', 'IRS filed federal tax lien of $45,000 against Harbor Foods in Delaware registry.', '2026-06-12', false);

INSERT INTO pod_records (sales_order_ref, delivery_ref, invoice_ref, customer_id, carrier_name, delivery_timestamp, target_delivery_date, shipped_qty, signed_qty, discrepancy_note, signed_by) VALUES ('6533', 'DEL_GREEN_01', '90000002', 'USCU_S03', 'FedEx Freight', '2026-06-12 11:30:00+00', '2026-06-12', 400, 388, '12 cases damaged by forklift during unloading', 'G. Naturals Recv');
INSERT INTO pod_records (sales_order_ref, delivery_ref, invoice_ref, customer_id, carrier_name, delivery_timestamp, target_delivery_date, shipped_qty, signed_qty, discrepancy_note, signed_by) VALUES ('6533', 'DEL_CREST_03', '90000000', 'USCU_L10', 'NorthBay Logistics', '2026-06-14 08:45:00+00', '2026-06-14', 1200, 1200, 'Delivered in full, no exceptions', 'Crestline Receiver');
INSERT INTO pod_records (sales_order_ref, delivery_ref, invoice_ref, customer_id, carrier_name, delivery_timestamp, target_delivery_date, shipped_qty, signed_qty, discrepancy_note, signed_by) VALUES ('SO_VALU_05', 'DEL_VALU_05', '90000001', 'USCU_S07', 'Swift Transport', '2026-06-14 10:00:00+00', '2026-06-15', 500, 500, 'OTIF compliant. Arrived early.', 'V.M. Gate 4');

INSERT INTO carrier_reports (report_id, invoice_ref, customer_id, carrier_name, damage_description, damaged_qty, report_status) VALUES ('d348e4cb-bbdf-4e33-981c-7a888228e9ac', '90000002', 'USCU_S03', 'FedEx Freight', '12 cases of canned goods crushed at bottom of pallet due to improper stacking.', 12, 'VERIFIED');
INSERT INTO damage_photos (report_id, photo_url) VALUES ('d348e4cb-bbdf-4e33-981c-7a888228e9ac', 'https://supabase.co/storage/v1/object/public/damage_photos/greenleaf_pallet_crushed.jpg');

-- 7. Remittances and 20-Line Deduction Backlog
INSERT INTO remittance_headers (remittance_id, customer_id, remittance_date, payment_reference, total_amount_paid, total_deductions, ocr_confidence) VALUES ('3d810b6e-62bd-4a75-be3e-e98cf513db99', 'USCU_S03', '2026-06-18', 'CHK-GREEN-901', 15000.0, 8200.0, 96.50);
INSERT INTO remittance_lines (line_id, remittance_id, invoice_ref, deducted_amount, reason_code_raw, reason_code_mapped) VALUES ('b22a14fc-6e48-4eb7-ad22-4ccf4d599cd7', '3d810b6e-62bd-4a75-be3e-e98cf513db99', '90000002', 3000.0, 'DMG01', 'DAMAGED_PRODUCT');
INSERT INTO deductions_backlog (deduction_id, line_ref, customer_id, invoice_ref, amount, scenario_type, verdict, confidence, explanation, assigned_analyst, status, gaming_pattern_flag) VALUES ('0fecea17-7c01-45ea-abbb-76f92975ac86', 'b22a14fc-6e48-4eb7-ad22-4ccf4d599cd7', (SELECT customer_id FROM remittance_headers WHERE remittance_id='3d810b6e-62bd-4a75-be3e-e98cf513db99'), '90000002', 3000.0, 'S1', 'VALID', 95.0, 'Forklift damage verified on FedEx carrier report and signed POD. Uploaded customer photos match.', 'maya_r', 'OPEN', false);
INSERT INTO remittance_lines (line_id, remittance_id, invoice_ref, deducted_amount, reason_code_raw, reason_code_mapped) VALUES ('268a62b8-b075-4275-b97f-a0cf2f6a9c96', '3d810b6e-62bd-4a75-be3e-e98cf513db99', '90000002', 2700.0, 'DMG01', 'DAMAGED_PRODUCT');
INSERT INTO deductions_backlog (deduction_id, line_ref, customer_id, invoice_ref, amount, scenario_type, verdict, confidence, explanation, assigned_analyst, status, gaming_pattern_flag) VALUES ('2e00828c-a189-4312-bc6f-1515bf6dd6cf', '268a62b8-b075-4275-b97f-a0cf2f6a9c96', (SELECT customer_id FROM remittance_headers WHERE remittance_id='3d810b6e-62bd-4a75-be3e-e98cf513db99'), '90000002', 2700.0, 'S1', 'VALID', 95.0, 'Forklift damage verified on FedEx carrier report and signed POD. Uploaded customer photos match.', 'maya_r', 'OPEN', false);
INSERT INTO remittance_lines (line_id, remittance_id, invoice_ref, deducted_amount, reason_code_raw, reason_code_mapped) VALUES ('f99cc92b-87e2-49e3-9aef-f053dbcd9eba', '3d810b6e-62bd-4a75-be3e-e98cf513db99', '90000002', 2500.0, 'DMG02', 'DAMAGED_PRODUCT');
INSERT INTO deductions_backlog (deduction_id, line_ref, customer_id, invoice_ref, amount, scenario_type, verdict, confidence, explanation, assigned_analyst, status, gaming_pattern_flag) VALUES ('95c0a761-1911-4860-8b13-a8f7d6a56345', 'f99cc92b-87e2-49e3-9aef-f053dbcd9eba', (SELECT customer_id FROM remittance_headers WHERE remittance_id='3d810b6e-62bd-4a75-be3e-e98cf513db99'), '90000002', 2500.0, 'S1', 'VALID', 95.0, 'Forklift damage verified on FedEx carrier report and signed POD. Uploaded customer photos match.', 'maya_r', 'OPEN', false);
INSERT INTO remittance_headers (remittance_id, customer_id, remittance_date, payment_reference, total_amount_paid, total_deductions, ocr_confidence) VALUES ('8332a1c5-1aab-4535-8744-c51d9ce1819f', 'USCU_L10', '2026-06-18', 'CHK-CREST-102', 120000.0, 54300.0, 96.50);
INSERT INTO remittance_lines (line_id, remittance_id, invoice_ref, deducted_amount, reason_code_raw, reason_code_mapped) VALUES ('3493a98e-2a73-4be6-9b19-3251c8fbcfdb', '8332a1c5-1aab-4535-8744-c51d9ce1819f', '90000017', 7300.0, 'PRM02', 'PROMO_ERROR');
INSERT INTO deductions_backlog (deduction_id, line_ref, customer_id, invoice_ref, amount, scenario_type, verdict, confidence, explanation, assigned_analyst, status, gaming_pattern_flag) VALUES ('a9c103c9-1ec0-4213-a94f-90b7fbb72c62', '3493a98e-2a73-4be6-9b19-3251c8fbcfdb', (SELECT customer_id FROM remittance_headers WHERE remittance_id='8332a1c5-1aab-4535-8744-c51d9ce1819f'), '90000017', 7300.0, 'S2', 'VALID', 98.0, 'TPM promo PM_CREST_01 was active but not applied on invoice. List price $15.00 billed instead of promo net $10.00. Customer self-deducted valid allowance.', 'maya_r', 'OPEN', false);
INSERT INTO remittance_lines (line_id, remittance_id, invoice_ref, deducted_amount, reason_code_raw, reason_code_mapped) VALUES ('84dbe6a4-11f8-4c6f-b26c-36716f014973', '8332a1c5-1aab-4535-8744-c51d9ce1819f', '90000017', 7300.0, 'PRM02', 'PROMO_ERROR');
INSERT INTO deductions_backlog (deduction_id, line_ref, customer_id, invoice_ref, amount, scenario_type, verdict, confidence, explanation, assigned_analyst, status, gaming_pattern_flag) VALUES ('0ac8a346-ba10-4455-96aa-367af999fd8d', '84dbe6a4-11f8-4c6f-b26c-36716f014973', (SELECT customer_id FROM remittance_headers WHERE remittance_id='8332a1c5-1aab-4535-8744-c51d9ce1819f'), '90000017', 7300.0, 'S2', 'VALID', 98.0, 'TPM promo PM_CREST_01 was active but not applied on invoice. List price $15.00 billed instead of promo net $10.00. Customer self-deducted valid allowance.', 'maya_r', 'OPEN', false);
INSERT INTO remittance_lines (line_id, remittance_id, invoice_ref, deducted_amount, reason_code_raw, reason_code_mapped) VALUES ('654cfef0-7ebf-409e-9575-71293995b67b', '8332a1c5-1aab-4535-8744-c51d9ce1819f', '90000000', 5325.0, 'SHR01', 'SHORTAGE');
INSERT INTO deductions_backlog (deduction_id, line_ref, customer_id, invoice_ref, amount, scenario_type, verdict, confidence, explanation, assigned_analyst, status, gaming_pattern_flag) VALUES ('7f672b12-7806-4559-9b75-e999416194d0', '654cfef0-7ebf-409e-9575-71293995b67b', (SELECT customer_id FROM remittance_headers WHERE remittance_id='8332a1c5-1aab-4535-8744-c51d9ce1819f'), '90000000', 5325.0, 'S3', 'INVALID', 99.0, 'Signed 3PL POD shows 1,200 cases delivered and signed with no exceptions. Shortage claim is invalid.', 'maya_r', 'OPEN', true);
INSERT INTO remittance_lines (line_id, remittance_id, invoice_ref, deducted_amount, reason_code_raw, reason_code_mapped) VALUES ('a8dfa7e1-977d-4ce2-bf9e-33e6b65f1eca', '8332a1c5-1aab-4535-8744-c51d9ce1819f', '90000000', 5325.0, 'SHR01', 'SHORTAGE');
INSERT INTO deductions_backlog (deduction_id, line_ref, customer_id, invoice_ref, amount, scenario_type, verdict, confidence, explanation, assigned_analyst, status, gaming_pattern_flag) VALUES ('97de3d1c-2a4d-4935-b2f3-0a12f01aef62', 'a8dfa7e1-977d-4ce2-bf9e-33e6b65f1eca', (SELECT customer_id FROM remittance_headers WHERE remittance_id='8332a1c5-1aab-4535-8744-c51d9ce1819f'), '90000000', 5325.0, 'S3', 'INVALID', 99.0, 'Signed 3PL POD shows 1,200 cases delivered and signed with no exceptions. Shortage claim is invalid.', 'maya_r', 'OPEN', true);
INSERT INTO remittance_lines (line_id, remittance_id, invoice_ref, deducted_amount, reason_code_raw, reason_code_mapped) VALUES ('047df76a-0001-4c4b-be9a-2f14621b9187', '8332a1c5-1aab-4535-8744-c51d9ce1819f', '90000000', 5325.0, 'SHR02', 'SHORTAGE');
INSERT INTO deductions_backlog (deduction_id, line_ref, customer_id, invoice_ref, amount, scenario_type, verdict, confidence, explanation, assigned_analyst, status, gaming_pattern_flag) VALUES ('b6d2a69b-74c7-4ea0-afc7-01f898b47830', '047df76a-0001-4c4b-be9a-2f14621b9187', (SELECT customer_id FROM remittance_headers WHERE remittance_id='8332a1c5-1aab-4535-8744-c51d9ce1819f'), '90000000', 5325.0, 'S3', 'INVALID', 99.0, 'Signed 3PL POD shows 1,200 cases delivered and signed with no exceptions. Shortage claim is invalid.', 'maya_r', 'OPEN', true);
INSERT INTO remittance_lines (line_id, remittance_id, invoice_ref, deducted_amount, reason_code_raw, reason_code_mapped) VALUES ('67c70e11-a42e-450d-b4dc-48005cc8b31a', '8332a1c5-1aab-4535-8744-c51d9ce1819f', '90000000', 5325.0, 'SHR02', 'SHORTAGE');
INSERT INTO deductions_backlog (deduction_id, line_ref, customer_id, invoice_ref, amount, scenario_type, verdict, confidence, explanation, assigned_analyst, status, gaming_pattern_flag) VALUES ('f54fe57f-0da4-43ef-b947-605c2af92a52', '67c70e11-a42e-450d-b4dc-48005cc8b31a', (SELECT customer_id FROM remittance_headers WHERE remittance_id='8332a1c5-1aab-4535-8744-c51d9ce1819f'), '90000000', 5325.0, 'S3', 'INVALID', 99.0, 'Signed 3PL POD shows 1,200 cases delivered and signed with no exceptions. Shortage claim is invalid.', 'maya_r', 'OPEN', true);
INSERT INTO remittance_lines (line_id, remittance_id, invoice_ref, deducted_amount, reason_code_raw, reason_code_mapped) VALUES ('4add8f79-dcdc-4f86-8c52-b40ed9116f0d', '8332a1c5-1aab-4535-8744-c51d9ce1819f', '90000061', 9200.0, 'PRC01', 'PRICING_CHARGEBACK');
INSERT INTO deductions_backlog (deduction_id, line_ref, customer_id, invoice_ref, amount, scenario_type, verdict, confidence, explanation, assigned_analyst, status, gaming_pattern_flag) VALUES ('eabb96cc-bb46-438b-b88e-ce749865eca5', '4add8f79-dcdc-4f86-8c52-b40ed9116f0d', (SELECT customer_id FROM remittance_headers WHERE remittance_id='8332a1c5-1aab-4535-8744-c51d9ce1819f'), '90000061', 9200.0, 'S6', 'INVALID', 92.0, 'Billed price of $15.00 matches contracted price in CON_CREST_01. Pricing chargeback is invalid.', 'maya_r', 'OPEN', true);
INSERT INTO remittance_lines (line_id, remittance_id, invoice_ref, deducted_amount, reason_code_raw, reason_code_mapped) VALUES ('69f8999b-3c5f-45ca-a883-8a5de9bccc08', '8332a1c5-1aab-4535-8744-c51d9ce1819f', '90000061', 9200.0, 'PRC01', 'PRICING_CHARGEBACK');
INSERT INTO deductions_backlog (deduction_id, line_ref, customer_id, invoice_ref, amount, scenario_type, verdict, confidence, explanation, assigned_analyst, status, gaming_pattern_flag) VALUES ('72fa24fc-4919-4c49-a3eb-57f6f2a76242', '69f8999b-3c5f-45ca-a883-8a5de9bccc08', (SELECT customer_id FROM remittance_headers WHERE remittance_id='8332a1c5-1aab-4535-8744-c51d9ce1819f'), '90000061', 9200.0, 'S6', 'INVALID', 92.0, 'Billed price of $15.00 matches contracted price in CON_CREST_01. Pricing chargeback is invalid.', 'maya_r', 'OPEN', true);
INSERT INTO remittance_headers (remittance_id, customer_id, remittance_date, payment_reference, total_amount_paid, total_deductions, ocr_confidence) VALUES ('bb63aede-d4c0-4582-bc6d-7c12ec238051', 'USCU_S07', '2026-06-18', 'CHK-VALU-403', 85000.0, 22500.0, 96.50);
INSERT INTO remittance_lines (line_id, remittance_id, invoice_ref, deducted_amount, reason_code_raw, reason_code_mapped) VALUES ('6fce3e30-04a3-490b-a3ad-60d21ff6b564', 'bb63aede-d4c0-4582-bc6d-7c12ec238051', '90000080', 4900.0, 'OTIF01', 'OTIF_FINE');
INSERT INTO deductions_backlog (deduction_id, line_ref, customer_id, invoice_ref, amount, scenario_type, verdict, confidence, explanation, assigned_analyst, status, gaming_pattern_flag) VALUES ('07e8cc0f-35bb-4036-be92-2b92c88eaf73', '6fce3e30-04a3-490b-a3ad-60d21ff6b564', (SELECT customer_id FROM remittance_headers WHERE remittance_id='bb63aede-d4c0-4582-bc6d-7c12ec238051'), '90000080', 4900.0, 'S4', 'VALID', 90.0, 'Actual goods issue timeline shows delivery arrived 2 days late. Compliance fine matches contract SLA.', 'maya_r', 'OPEN', false);
INSERT INTO remittance_lines (line_id, remittance_id, invoice_ref, deducted_amount, reason_code_raw, reason_code_mapped) VALUES ('31f6db6f-9069-4f53-b5ec-040c118720f6', 'bb63aede-d4c0-4582-bc6d-7c12ec238051', '90000080', 4900.0, 'OTIF01', 'OTIF_FINE');
INSERT INTO deductions_backlog (deduction_id, line_ref, customer_id, invoice_ref, amount, scenario_type, verdict, confidence, explanation, assigned_analyst, status, gaming_pattern_flag) VALUES ('7b252ffd-6a49-47b7-9f4e-482033a1f509', '31f6db6f-9069-4f53-b5ec-040c118720f6', (SELECT customer_id FROM remittance_headers WHERE remittance_id='bb63aede-d4c0-4582-bc6d-7c12ec238051'), '90000080', 4900.0, 'S4', 'VALID', 90.0, 'Actual goods issue timeline shows delivery arrived 2 days late. Compliance fine matches contract SLA.', 'maya_r', 'OPEN', false);
INSERT INTO remittance_lines (line_id, remittance_id, invoice_ref, deducted_amount, reason_code_raw, reason_code_mapped) VALUES ('84acfd74-fd4f-4a5a-87a3-173adcfef898', 'bb63aede-d4c0-4582-bc6d-7c12ec238051', '90000001', 4233.33, 'OTIF02', 'OTIF_FINE');
INSERT INTO deductions_backlog (deduction_id, line_ref, customer_id, invoice_ref, amount, scenario_type, verdict, confidence, explanation, assigned_analyst, status, gaming_pattern_flag) VALUES ('bf297e9b-d67e-4a3c-b608-e622c5b871fe', '84acfd74-fd4f-4a5a-87a3-173adcfef898', (SELECT customer_id FROM remittance_headers WHERE remittance_id='bb63aede-d4c0-4582-bc6d-7c12ec238051'), '90000001', 4233.33, 'S5', 'INVALID', 96.0, '3PL POD timestamp shows delivery arrived June 14, 1 day prior to target June 15. Late OTIF fine is invalid.', 'maya_r', 'OPEN', false);
INSERT INTO remittance_lines (line_id, remittance_id, invoice_ref, deducted_amount, reason_code_raw, reason_code_mapped) VALUES ('bb70dce3-78db-406a-8344-006dc0d08a9e', 'bb63aede-d4c0-4582-bc6d-7c12ec238051', '90000001', 4233.33, 'OTIF02', 'OTIF_FINE');
INSERT INTO deductions_backlog (deduction_id, line_ref, customer_id, invoice_ref, amount, scenario_type, verdict, confidence, explanation, assigned_analyst, status, gaming_pattern_flag) VALUES ('3b6d9d2d-e18e-41c4-8866-7590184cf0d1', 'bb70dce3-78db-406a-8344-006dc0d08a9e', (SELECT customer_id FROM remittance_headers WHERE remittance_id='bb63aede-d4c0-4582-bc6d-7c12ec238051'), '90000001', 4233.33, 'S5', 'INVALID', 96.0, '3PL POD timestamp shows delivery arrived June 14, 1 day prior to target June 15. Late OTIF fine is invalid.', 'maya_r', 'OPEN', false);
INSERT INTO remittance_lines (line_id, remittance_id, invoice_ref, deducted_amount, reason_code_raw, reason_code_mapped) VALUES ('49434eed-af16-475e-ace0-ce843ed2c22d', 'bb63aede-d4c0-4582-bc6d-7c12ec238051', '90000001', 4233.34, 'OTIF02', 'OTIF_FINE');
INSERT INTO deductions_backlog (deduction_id, line_ref, customer_id, invoice_ref, amount, scenario_type, verdict, confidence, explanation, assigned_analyst, status, gaming_pattern_flag) VALUES ('ae859e6b-b7cc-42eb-97aa-aaeed07b8241', '49434eed-af16-475e-ace0-ce843ed2c22d', (SELECT customer_id FROM remittance_headers WHERE remittance_id='bb63aede-d4c0-4582-bc6d-7c12ec238051'), '90000001', 4233.34, 'S5', 'INVALID', 96.0, '3PL POD timestamp shows delivery arrived June 14, 1 day prior to target June 15. Late OTIF fine is invalid.', 'maya_r', 'OPEN', false);
INSERT INTO remittance_headers (remittance_id, customer_id, remittance_date, payment_reference, total_amount_paid, total_deductions, ocr_confidence) VALUES ('1abd2da5-9575-4b02-8070-11007b7d1d70', 'USCU_S04', '2026-06-18', 'CHK-HARB-550', 40000.0, 27400.0, 96.50);
INSERT INTO remittance_lines (line_id, remittance_id, invoice_ref, deducted_amount, reason_code_raw, reason_code_mapped) VALUES ('1e60bf84-9cd4-417b-878b-17e1a41c676a', '1abd2da5-9575-4b02-8070-11007b7d1d70', '90000005', 7950.0, 'PRM05', 'PROMO_ERROR');
INSERT INTO deductions_backlog (deduction_id, line_ref, customer_id, invoice_ref, amount, scenario_type, verdict, confidence, explanation, assigned_analyst, status, gaming_pattern_flag) VALUES ('229ee3ab-f5f9-45aa-8c3c-a71fd64987ec', '1e60bf84-9cd4-417b-878b-17e1a41c676a', (SELECT customer_id FROM remittance_headers WHERE remittance_id='1abd2da5-9575-4b02-8070-11007b7d1d70'), '90000005', 7950.0, 'S7', 'PARTIAL', 88.0, 'Approved promotion PM_HARB_02 has accrual cap of $10,000. Customer claimed $25,900. Overclaim of $15,900 is invalid and pursued for recovery.', 'maya_r', 'OPEN', false);
INSERT INTO remittance_lines (line_id, remittance_id, invoice_ref, deducted_amount, reason_code_raw, reason_code_mapped) VALUES ('a134dbc7-e8bf-4204-8a43-70536ce445cc', '1abd2da5-9575-4b02-8070-11007b7d1d70', '90000005', 7950.0, 'PRM05', 'PROMO_ERROR');
INSERT INTO deductions_backlog (deduction_id, line_ref, customer_id, invoice_ref, amount, scenario_type, verdict, confidence, explanation, assigned_analyst, status, gaming_pattern_flag) VALUES ('97334263-c65c-460c-87e2-edda04ff7157', 'a134dbc7-e8bf-4204-8a43-70536ce445cc', (SELECT customer_id FROM remittance_headers WHERE remittance_id='1abd2da5-9575-4b02-8070-11007b7d1d70'), '90000005', 7950.0, 'S7', 'PARTIAL', 88.0, 'Approved promotion PM_HARB_02 has accrual cap of $10,000. Customer claimed $25,900. Overclaim of $15,900 is invalid and pursued for recovery.', 'maya_r', 'OPEN', false);
INSERT INTO remittance_lines (line_id, remittance_id, invoice_ref, deducted_amount, reason_code_raw, reason_code_mapped) VALUES ('a84b468c-2831-4eb9-bcfd-34bc6f4f5691', '1abd2da5-9575-4b02-8070-11007b7d1d70', '90000005', 5750.0, 'DUP01', 'DUPLICATE_CLAIM');
INSERT INTO deductions_backlog (deduction_id, line_ref, customer_id, invoice_ref, amount, scenario_type, verdict, confidence, explanation, assigned_analyst, status, gaming_pattern_flag) VALUES ('bf2840b4-e76a-4ce7-8b9c-8f5fd2b9d759', 'a84b468c-2831-4eb9-bcfd-34bc6f4f5691', (SELECT customer_id FROM remittance_headers WHERE remittance_id='1abd2da5-9575-4b02-8070-11007b7d1d70'), '90000005', 5750.0, 'S8', 'INVALID', 98.0, 'Credit memo has already been issued for this invoice under DisputeCase FIN-DISP-202. Duplicate deduction is invalid.', 'maya_r', 'OPEN', false);
INSERT INTO remittance_lines (line_id, remittance_id, invoice_ref, deducted_amount, reason_code_raw, reason_code_mapped) VALUES ('10ad3b4f-1d5e-40c8-a40a-1183227e5b54', '1abd2da5-9575-4b02-8070-11007b7d1d70', '90000005', 5750.0, 'DUP01', 'DUPLICATE_CLAIM');
INSERT INTO deductions_backlog (deduction_id, line_ref, customer_id, invoice_ref, amount, scenario_type, verdict, confidence, explanation, assigned_analyst, status, gaming_pattern_flag) VALUES ('a5668c52-e644-452f-8dca-6675f2fdf28a', '10ad3b4f-1d5e-40c8-a40a-1183227e5b54', (SELECT customer_id FROM remittance_headers WHERE remittance_id='1abd2da5-9575-4b02-8070-11007b7d1d70'), '90000005', 5750.0, 'S8', 'INVALID', 98.0, 'Credit memo has already been issued for this invoice under DisputeCase FIN-DISP-202. Duplicate deduction is invalid.', 'maya_r', 'OPEN', false);

-- 8. Seeding Action Staging queues
INSERT INTO billing_requests (deduction_id, invoice_ref, type, amount, gl_code, status, audit_id) VALUES ('0fecea17-7c01-45ea-abbb-76f92975ac86', '90000002', 'CREDIT_MEMO', 8200.00, '510200', 'DRAFT', 'AUD-S1-001');
INSERT INTO billing_requests (deduction_id, invoice_ref, type, amount, gl_code, re_bill_amount, re_bill_unit_price, status, audit_id) VALUES ('a9c103c9-1ec0-4213-a94f-90b7fbb72c62', '90000017', 'CREDIT_AND_REBILL', 14600.00, '510300', 9733.33, 10.00, 'DRAFT', 'AUD-S2-001');
INSERT INTO recovery_packages (deduction_id, customer_id, invoice_ref, amount, correspondence_letter, status, follow_up_cadence_count) VALUES ('7f672b12-7806-4559-9b75-e999416194d0', 'USCU_L10', '90000000', 21300.00, 'Dear Crestline Grocery AP Team,\n\nWe reject the shortage deduction of $21,300 on invoice 90000000. Our 3PL proof of delivery shows the shipment of 1,200 cases was received in full, signed by Crestline Receiver on 2026-06-14 with no exceptions.\n\nPlease find the signed POD attached.\n\nSincerely,\nNorthBay Brands Claims Department', 'GENERATED', 1);
INSERT INTO recovery_packages (deduction_id, customer_id, invoice_ref, amount, correspondence_letter, status, follow_up_cadence_count) VALUES ('bf297e9b-d67e-4a3c-b608-e622c5b871fe', 'USCU_S07', '90000001', 12700.00, 'Dear ValuMart Club Claims Desk,\n\nWe dispute the OTIF fine of $12,700 logged against invoice 90000001. The target delivery date was June 15, 2026. The actual delivery timestamp from our carrier and 3PL POD is June 14, 2026 at 10:00 AM, proving the shipment arrived 1 day early.\n\nPlease review and refund this penalty.\n\nSincerely,\nNorthBay Brands Claims Department', 'GENERATED', 0);
INSERT INTO recovery_packages (deduction_id, customer_id, invoice_ref, amount, correspondence_letter, status, follow_up_cadence_count) VALUES ('eabb96cc-bb46-438b-b88e-ce749865eca5', 'USCU_L10', '90000061', 18400.00, 'Dear Crestline Grocery AP Team,\n\nWe reject the pricing chargeback of $18,400 on invoice 90000061. The billed unit price of $15.00 matches the pricing terms defined in contract CON_CREST_01. The deduction has no contractual basis.\n\nSincerely,\nNorthBay Brands Claims Department', 'GENERATED', 0);

-- 9. Seeding Credit Sentinel decisions
INSERT INTO credit_decisions (customer_id, blocked_order_ref, order_amount, credit_limit_amount, dso_drift_days, margin_percentage, customer_strategic_segment, composite_release_score, release_ratio, released_amount, held_amount, proposed_terms, decision_verdict, arbitrator_user) VALUES ('USCU_S04', '6534', 640010.00, 500000.00, 19, 34.00, 'Foodservice Distributor', 51.25, 55.00, 352005.50, 288004.50, '2/10 Net-30, 25% Deposit', 'PROPOSED', 'david_k');

-- 10. Seeding Immutable Audit Trail
INSERT INTO immutable_audit_log (action_type, ref_id, payload, operator_user) VALUES ('DEDUCTION_VERDICT', '0fecea17-7c01-45ea-abbb-76f92975ac86', '{"verdict": "VALID", "confidence": 95.00, "evidence": ["Carrier report verified", "Photos match"]}', 'forensics_agent');
INSERT INTO immutable_audit_log (action_type, ref_id, payload, operator_user) VALUES ('DEDUCTION_VERDICT', '7f672b12-7806-4559-9b75-e999416194d0', '{"verdict": "INVALID", "confidence": 99.00, "evidence": ["Signed POD shows full delivery"]}', 'forensics_agent');
INSERT INTO immutable_audit_log (action_type, ref_id, payload, operator_user) VALUES ('CREDIT_ARBITRATION', '6534', '{"verdict": "PROPOSED_PARTIAL_RELEASE", "release_ratio": 55.00, "criteria_scores": {"dso": 30, "margin": 80, "value": 35}}', 'sentinel_agent');
